<?xml version="1.0" encoding="UTF-8"?>
<project-private xmlns="http://www.netbeans.org/ns/project-private/1">
    <editor-bookmarks xmlns="http://www.netbeans.org/ns/editor-bookmarks/2" lastBookmarkId="0"/>
    <open-files xmlns="http://www.netbeans.org/ns/projectui-open-files/2">
        <group>
            <file>file:/E:/ClientSide/ClientReserveDBConnection/web/reserveinsert.jsp</file>
            <file>file:/E:/ClientSide/ClientReserveDBConnection/web/index.jsp</file>
            <file>file:/E:/ClientSide/ClientReserveDBConnection/web/customer.jsp</file>
            <file>file:/E:/ClientSide/ClientReserveDBConnection/web/about.jsp</file>
            <file>file:/E:/ClientSide/ClientReserveDBConnection/web/registration.jsp</file>
            <file>file:/E:/ClientSide/ClientReserveDBConnection/web/insert.jsp</file>
            <file>file:/E:/ClientSide/ClientReserveDBConnection/web/customerhome.jsp</file>
            <file>file:/E:/ClientSide/ClientReserveDBConnection/web/contactus.jsp</file>
            <file>file:/E:/ClientSide/ClientReserveDBConnection/web/Login_v16/index.html</file>
            <file>file:/E:/ClientSide/ClientReserveDBConnection/web/reservation.jsp</file>
            <file>file:/E:/ClientSide/ClientReserveDBConnection/web/display.jsp</file>
        </group>
    </open-files>
</project-private>
